event_id,timestamp,account_id,amount,currency,event_type,reference
1,1700000125,ACC-10004,47.59,USD,DEPOSIT,REF-DE-457352
2,1700000125,ACC-10002,276.52,USD,TRANSFER,REF-TR-557468
3,1700000125,ACC-10003,560.13,VND,TRANSFER,REF-TR-405976
4,1700000126,ACC-10001,104.29,USD,TRANSFER,REF-TR-961166
5,1700000131,ACC-10091,238.26,USD,TRANSFER,REF-TR-637659
6,1700000135,ACC-10081,541.83,USD,WITHDRAWAL,REF-WI-800941
7,1700000135,ACC-10125,502.25,USD,WITHDRAWAL,REF-WI-610557
8,1700000138,ACC-10002,329.83,USD,TRANSFER,REF-TR-506486
9,1700000138,ACC-10000,60.29,USD,TRANSFER,REF-TR-469008
10,1700000143,ACC-10009,2.4,USD,FEE,REF-FE-855284
11,1700000146,ACC-10000,869.02,USD,WITHDRAWAL,REF-WI-146273
12,1700000149,ACC-10000,958.0,USD,DEPOSIT,REF-DE-765078
13,1700000152,ACC-10000,173.19,USD,WITHDRAWAL,REF-WI-108977
14,1700000154,ACC-10012,512.2,USD,TRANSFER,REF-TR-375293
15,1700000159,ACC-10013,3.1,USD,FEE,REF-FE-271818
16,1700000160,ACC-10043,658.0,USD,TRANSFER,REF-TR-880260
17,1700000161,ACC-10000,235.67,VND,DEPOSIT,REF-DE-787794
18,1700000163,ACC-10113,248.36,USD,TRANSFER,REF-TR-642222
19,1700000166,ACC-10016,147.7,USD,DEPOSIT,REF-DE-800917
20,1700000169,ACC-10051,717.79,USD,DEPOSIT,REF-DE-418563
21,1700000173,ACC-10000,126.51,VND,WITHDRAWAL,REF-WI-244044
22,1700000173,ACC-10046,82.42,USD,WITHDRAWAL,REF-WI-384951
23,1700000177,ACC-10175,3.35,USD,FEE,REF-FE-309190
24,1700000181,ACC-10000,240.58,VND,TRANSFER,REF-TR-432428
25,1700000181,ACC-10000,217.07,USD,DEPOSIT,REF-DE-369328
26,1700000184,ACC-10148,1427.66,VND,TRANSFER,REF-TR-460075
27,1700000189,ACC-10000,1066.56,USD,TRANSFER,REF-TR-997372
28,1700000190,ACC-10066,82.76,USD,WITHDRAWAL,REF-WI-500948
29,1700000191,ACC-10005,3.33,USD,FEE,REF-FE-997928
30,1700000195,ACC-10240,167.0,USD,TRANSFER,REF-TR-437886
31,1700000200,ACC-10016,123.71,USD,DEPOSIT,REF-DE-440467
32,1700000205,ACC-10118,256.66,USD,WITHDRAWAL,REF-WI-577611
33,1700000205,ACC-10001,868.92,VND,TRANSFER,REF-TR-593153
34,1700000205,ACC-10152,4.89,USD,FEE,REF-FE-585916
35,1700000205,ACC-10018,672.15,VND,TRANSFER,REF-TR-365669
36,1700000207,ACC-10003,309.4,VND,WITHDRAWAL,REF-WI-650263
37,1700000210,ACC-10011,86.11,EUR,DEPOSIT,REF-DE-335024
38,1700000211,ACC-10006,243.79,USD,WITHDRAWAL,REF-WI-646000
39,1700000211,ACC-10282,2.35,USD,FEE,REF-FE-163073
40,1700000212,ACC-10005,248.17,VND,TRANSFER,REF-TR-321910
41,1700000212,ACC-10001,2.28,VND,FEE,REF-FE-111488
42,1700000215,ACC-10000,528.59,USD,WITHDRAWAL,REF-WI-832771
43,1700000216,ACC-10000,973.73,USD,WITHDRAWAL,REF-WI-640535
44,1700000221,ACC-10000,128.26,USD,DEPOSIT,REF-DE-555714
45,1700000226,ACC-10000,118.18,USD,WITHDRAWAL,REF-WI-212029
46,1700000230,ACC-10142,240.18,USD,DEPOSIT,REF-DE-470153
47,1700000232,ACC-10274,577.89,USD,WITHDRAWAL,REF-WI-871895
48,1700000235,ACC-10338,125.74,EUR,DEPOSIT,REF-DE-247400
49,1700000236,ACC-10077,131.85,USD,TRANSFER,REF-TR-793429
50,1700000236,ACC-10000,313.89,USD,WITHDRAWAL,REF-WI-476368
51,1700000238,ACC-10001,34.08,VND,WITHDRAWAL,REF-WI-804208
52,1700000239,ACC-10002,329.99,EUR,DEPOSIT,REF-DE-954224
53,1700000243,ACC-10000,133.64,USD,DEPOSIT,REF-DE-931126
54,1700000247,ACC-10188,1312.0,VND,DEPOSIT,REF-DE-376050
55,1700000250,ACC-10013,312.56,VND,TRANSFER,REF-TR-134835
56,1700000250,ACC-10035,108.63,USD,TRANSFER,REF-TR-778013
57,1700000255,ACC-10000,32.32,USD,WITHDRAWAL,REF-WI-725297
58,1700000260,ACC-10004,3.94,USD,FEE,REF-FE-475670
59,1700000263,ACC-10027,264.84,USD,WITHDRAWAL,REF-WI-128012
60,1700000264,ACC-10223,278.89,USD,WITHDRAWAL,REF-WI-483275
61,1700000266,ACC-10042,602.56,USD,WITHDRAWAL,REF-WI-478695
62,1700000266,ACC-10021,236.79,USD,DEPOSIT,REF-DE-798593
63,1700000271,ACC-10002,1665.84,VND,TRANSFER,REF-TR-423393
64,1700000272,ACC-10000,113.4,USD,WITHDRAWAL,REF-WI-506235
65,1700000272,ACC-10227,382.14,USD,DEPOSIT,REF-DE-283135
66,1700000272,ACC-10070,307.53,USD,TRANSFER,REF-TR-227942
67,1700000273,ACC-10014,677.99,USD,TRANSFER,REF-TR-425407
68,1700000274,ACC-10028,18.66,USD,WITHDRAWAL,REF-WI-547716
69,1700000277,ACC-10000,23.18,USD,WITHDRAWAL,REF-WI-697000
70,1700000280,ACC-10041,832.4,VND,TRANSFER,REF-TR-144807
71,1700000285,ACC-10038,5.92,VND,FEE,REF-FE-153226
72,1700000286,ACC-10170,542.83,VND,TRANSFER,REF-TR-774152
73,1700000290,ACC-10027,48.24,VND,TRANSFER,REF-TR-416630
74,1700000294,ACC-10001,187.08,USD,WITHDRAWAL,REF-WI-986221
75,1700000298,ACC-10459,496.83,USD,TRANSFER,REF-TR-796106
76,1700000301,ACC-10027,1427.3,USD,TRANSFER,REF-TR-130881
77,1700000305,ACC-10007,304.6,VND,WITHDRAWAL,REF-WI-900686
78,1700000307,ACC-10075,289.1,USD,TRANSFER,REF-TR-154932
79,1700000307,ACC-10003,342.43,USD,TRANSFER,REF-TR-789237
80,1700000307,ACC-10004,57.38,USD,TRANSFER,REF-TR-900627
81,1700000311,ACC-10059,3.31,VND,FEE,REF-FE-762311
82,1700000316,ACC-10194,571.33,VND,TRANSFER,REF-TR-604248
83,1700000317,ACC-10042,53.19,USD,DEPOSIT,REF-DE-486940
84,1700000322,ACC-10089,1.47,USD,FEE,REF-FE-948562
85,1700000322,ACC-10001,984.12,USD,DEPOSIT,REF-DE-593456
86,1700000325,ACC-10032,291.71,USD,DEPOSIT,REF-DE-882798
87,1700000330,ACC-10002,2319.88,USD,TRANSFER,REF-TR-192536
88,1700000335,ACC-10000,2.08,USD,FEE,REF-FE-674877
89,1700000337,ACC-10007,1236.73,VND,TRANSFER,REF-TR-797904
90,1700000340,ACC-10027,53.32,USD,WITHDRAWAL,REF-WI-549385
91,1700000342,ACC-10299,1104.71,USD,TRANSFER,REF-TR-670837
92,1700000346,ACC-10001,45.41,USD,WITHDRAWAL,REF-WI-110540
93,1700000347,ACC-10004,401.91,USD,TRANSFER,REF-TR-466047
94,1700000348,ACC-10051,226.76,EUR,WITHDRAWAL,REF-WI-369651
95,1700000351,ACC-10000,918.01,USD,DEPOSIT,REF-DE-865870
96,1700000356,ACC-10000,689.13,USD,WITHDRAWAL,REF-WI-448474
97,1700000360,ACC-10019,77.25,USD,WITHDRAWAL,REF-WI-436960
98,1700000364,ACC-10002,320.33,USD,DEPOSIT,REF-DE-594601
99,1700000365,ACC-10146,668.23,USD,WITHDRAWAL,REF-WI-446214
100,1700000366,ACC-10001,60.46,USD,WITHDRAWAL,REF-WI-586067
101,1700000369,ACC-10022,117.83,USD,WITHDRAWAL,REF-WI-854636
102,1700000373,ACC-10004,378.14,USD,TRANSFER,REF-TR-985336
103,1700000377,ACC-10020,90.33,USD,WITHDRAWAL,REF-WI-565720
104,1700000382,ACC-10001,91.0,USD,TRANSFER,REF-TR-186923
105,1700000386,ACC-10003,1448.12,USD,TRANSFER,REF-TR-234590
106,1700000390,ACC-10002,83.31,VND,DEPOSIT,REF-DE-343276
107,1700000392,ACC-10000,769.72,USD,TRANSFER,REF-TR-905191
108,1700000393,ACC-10000,672.95,USD,WITHDRAWAL,REF-WI-441611
109,1700000397,ACC-10003,198.22,USD,DEPOSIT,REF-DE-649646
110,1700000402,ACC-10027,189.34,EUR,DEPOSIT,REF-DE-421766
111,1700000405,ACC-10016,286.79,VND,DEPOSIT,REF-DE-860768
112,1700000408,ACC-10000,65.55,VND,TRANSFER,REF-TR-630338
113,1700000409,ACC-10039,378.15,EUR,DEPOSIT,REF-DE-343681
114,1700000412,ACC-10000,428.92,EUR,WITHDRAWAL,REF-WI-853938
115,1700000416,ACC-10004,633.98,VND,TRANSFER,REF-TR-552777
116,1700000418,ACC-10000,162.88,VND,TRANSFER,REF-TR-347537
117,1700000421,ACC-10419,1.73,USD,FEE,REF-FE-174452
118,1700000424,ACC-10000,238.9,USD,WITHDRAWAL,REF-WI-768057
119,1700000426,ACC-10000,1338.96,USD,DEPOSIT,REF-DE-222007
120,1700000428,ACC-10003,882.82,USD,TRANSFER,REF-TR-836284
121,1700000431,ACC-10000,155.51,USD,WITHDRAWAL,REF-WI-257895
122,1700000432,ACC-10031,96.81,USD,DEPOSIT,REF-DE-955641
123,1700000434,ACC-10050,331.09,USD,TRANSFER,REF-TR-700874
124,1700000439,ACC-10065,243.26,VND,WITHDRAWAL,REF-WI-105934
125,1700000443,ACC-10007,594.19,USD,TRANSFER,REF-TR-460592
126,1700000445,ACC-10002,566.19,EUR,WITHDRAWAL,REF-WI-576195
127,1700000448,ACC-10000,2.25,USD,FEE,REF-FE-291157
128,1700000450,ACC-10000,429.95,EUR,TRANSFER,REF-TR-921274
129,1700000451,ACC-10004,345.08,USD,WITHDRAWAL,REF-WI-178706
130,1700000453,ACC-10498,158.15,VND,WITHDRAWAL,REF-WI-276096
131,1700000453,ACC-10063,3.54,USD,FEE,REF-FE-158067
132,1700000457,ACC-10005,65.87,USD,WITHDRAWAL,REF-WI-978961
133,1700000457,ACC-10400,184.22,VND,TRANSFER,REF-TR-822057
134,1700000459,ACC-10011,3.19,USD,FEE,REF-FE-769121
135,1700000463,ACC-10004,3.76,USD,FEE,REF-FE-323904
136,1700000465,ACC-10032,2327.07,USD,TRANSFER,REF-TR-393223
137,1700000466,ACC-10011,325.75,USD,TRANSFER,REF-TR-180730
138,1700000466,ACC-10332,1.93,EUR,FEE,REF-FE-847014
139,1700000469,ACC-10060,552.72,USD,TRANSFER,REF-TR-860956
140,1700000471,ACC-10000,1503.68,USD,TRANSFER,REF-TR-773073
141,1700000474,ACC-10022,111.53,USD,WITHDRAWAL,REF-WI-711859
142,1700000476,ACC-10217,383.57,EUR,TRANSFER,REF-TR-265890
143,1700000476,ACC-10025,83.77,USD,WITHDRAWAL,REF-WI-798979
144,1700000480,ACC-10025,293.1,EUR,WITHDRAWAL,REF-WI-233136
145,1700000481,ACC-10233,229.11,USD,WITHDRAWAL,REF-WI-105745
146,1700000484,ACC-10017,162.76,VND,DEPOSIT,REF-DE-516609
147,1700000489,ACC-10011,95.75,VND,TRANSFER,REF-TR-289924
148,1700000493,ACC-10002,166.53,USD,TRANSFER,REF-TR-814440
149,1700000495,ACC-10024,320.01,VND,DEPOSIT,REF-DE-778863
150,1700000497,ACC-10000,94.8,USD,WITHDRAWAL,REF-WI-679504
151,1700000502,ACC-10321,539.74,USD,DEPOSIT,REF-DE-752256
152,1700000507,ACC-10006,324.06,USD,WITHDRAWAL,REF-WI-175780
153,1700000508,ACC-10011,393.93,USD,DEPOSIT,REF-DE-357164
154,1700000509,ACC-10001,273.59,VND,DEPOSIT,REF-DE-104350
155,1700000511,ACC-10003,947.17,USD,TRANSFER,REF-TR-114795
156,1700000514,ACC-10040,476.55,EUR,TRANSFER,REF-TR-357145
157,1700000517,ACC-10007,333.88,USD,WITHDRAWAL,REF-WI-140597
158,1700000518,ACC-10114,68.66,VND,DEPOSIT,REF-DE-648780
159,1700000519,ACC-10050,185.21,USD,TRANSFER,REF-TR-235550
160,1700000524,ACC-10014,4.16,VND,FEE,REF-FE-417309
161,1700000526,ACC-10279,205.09,USD,TRANSFER,REF-TR-992238
162,1700000526,ACC-10029,1055.05,USD,TRANSFER,REF-TR-232461
163,1700000530,ACC-10455,331.97,USD,WITHDRAWAL,REF-WI-746889
164,1700000534,ACC-10201,1112.26,EUR,WITHDRAWAL,REF-WI-402875
165,1700000537,ACC-10073,205.35,VND,DEPOSIT,REF-DE-360125
166,1700000541,ACC-10004,71.25,USD,WITHDRAWAL,REF-WI-839323
167,1700000545,ACC-10012,3.45,EUR,FEE,REF-FE-212756
168,1700000545,ACC-10007,105.76,USD,WITHDRAWAL,REF-WI-742028
169,1700000549,ACC-10002,3.15,USD,FEE,REF-FE-886183
170,1700000551,ACC-10003,691.74,USD,DEPOSIT,REF-DE-985399
171,1700000556,ACC-10012,203.56,USD,WITHDRAWAL,REF-WI-276640
172,1700000561,ACC-10000,292.37,EUR,TRANSFER,REF-TR-953889
173,1700000562,ACC-10002,796.55,USD,WITHDRAWAL,REF-WI-559336
174,1700000567,ACC-10002,1477.01,VND,WITHDRAWAL,REF-WI-347544
175,1700000568,ACC-10001,5.11,VND,FEE,REF-FE-543861
176,1700000571,ACC-10108,472.56,EUR,TRANSFER,REF-TR-970236
177,1700000575,ACC-10000,265.86,VND,DEPOSIT,REF-DE-978581
178,1700000579,ACC-10000,359.36,USD,TRANSFER,REF-TR-636663
179,1700000583,ACC-10155,65.63,EUR,WITHDRAWAL,REF-WI-762065
180,1700000585,ACC-10000,119.79,USD,WITHDRAWAL,REF-WI-924222
181,1700000589,ACC-10126,124.93,USD,DEPOSIT,REF-DE-582242
182,1700000592,ACC-10086,4189.9,VND,TRANSFER,REF-TR-835973
183,1700000594,ACC-10001,290.27,USD,WITHDRAWAL,REF-WI-624226
184,1700000598,ACC-10000,8.35,EUR,FEE,REF-FE-957688
185,1700000602,ACC-10006,178.78,VND,TRANSFER,REF-TR-678458
186,1700000607,ACC-10027,207.58,USD,TRANSFER,REF-TR-996081
187,1700000612,ACC-10053,155.49,USD,TRANSFER,REF-TR-883474
188,1700000612,ACC-10000,483.04,USD,TRANSFER,REF-TR-114913
189,1700000614,ACC-10378,907.19,USD,WITHDRAWAL,REF-WI-696043
190,1700000619,ACC-10064,219.17,USD,WITHDRAWAL,REF-WI-914004
191,1700000624,ACC-10005,99.16,USD,WITHDRAWAL,REF-WI-156389
192,1700000626,ACC-10210,241.28,VND,TRANSFER,REF-TR-698789
193,1700000626,ACC-10010,144.21,USD,DEPOSIT,REF-DE-785339
194,1700000630,ACC-10047,236.58,USD,DEPOSIT,REF-DE-821106
195,1700000633,ACC-10000,219.97,USD,TRANSFER,REF-TR-385645
196,1700000636,ACC-10188,126.72,USD,TRANSFER,REF-TR-357844
197,1700000638,ACC-10005,209.66,VND,DEPOSIT,REF-DE-644784
198,1700000640,ACC-10000,834.96,USD,TRANSFER,REF-TR-439004
199,1700000644,ACC-10151,772.54,VND,TRANSFER,REF-TR-286899
200,1700000646,ACC-10000,688.69,USD,TRANSFER,REF-TR-842086
201,1700000648,ACC-10164,1574.81,VND,TRANSFER,REF-TR-871185
202,1700000653,ACC-10008,829.98,USD,WITHDRAWAL,REF-WI-206195
203,1700000653,ACC-10011,397.42,USD,TRANSFER,REF-TR-230238
204,1700000653,ACC-10000,336.91,USD,DEPOSIT,REF-DE-761371
205,1700000658,ACC-10003,19.78,VND,TRANSFER,REF-TR-785528
206,1700000663,ACC-10332,231.21,EUR,WITHDRAWAL,REF-WI-822757
207,1700000663,ACC-10448,391.46,VND,DEPOSIT,REF-DE-663443
208,1700000663,ACC-10007,314.22,VND,TRANSFER,REF-TR-246395
209,1700000663,ACC-10010,767.18,USD,WITHDRAWAL,REF-WI-908443
210,1700000664,ACC-10000,623.36,USD,TRANSFER,REF-TR-810736
211,1700000665,ACC-10099,342.65,EUR,TRANSFER,REF-TR-168654
212,1700000669,ACC-10004,829.3,USD,TRANSFER,REF-TR-894984
213,1700000673,ACC-10002,95.83,USD,TRANSFER,REF-TR-581765
214,1700000673,ACC-10000,124.99,VND,WITHDRAWAL,REF-WI-727995
215,1700000673,ACC-10001,286.33,USD,TRANSFER,REF-TR-771680
216,1700000675,ACC-10095,448.38,VND,DEPOSIT,REF-DE-663905
217,1700000675,ACC-10095,981.78,EUR,WITHDRAWAL,REF-WI-293194
218,1700000677,ACC-10003,199.09,EUR,WITHDRAWAL,REF-WI-955984
219,1700000679,ACC-10015,256.83,VND,TRANSFER,REF-TR-430222
220,1700000684,ACC-10249,360.11,VND,WITHDRAWAL,REF-WI-547827
221,1700000687,ACC-10000,359.06,USD,TRANSFER,REF-TR-641660
222,1700000688,ACC-10001,654.17,USD,DEPOSIT,REF-DE-739188
223,1700000690,ACC-10008,1837.09,VND,TRANSFER,REF-TR-987450
224,1700000695,ACC-10003,752.02,VND,WITHDRAWAL,REF-WI-151015
225,1700000700,ACC-10007,113.28,USD,DEPOSIT,REF-DE-748549
226,1700000702,ACC-10005,315.1,VND,DEPOSIT,REF-DE-797249
227,1700000705,ACC-10003,3.68,USD,FEE,REF-FE-380472
228,1700000707,ACC-10005,243.76,USD,TRANSFER,REF-TR-495274
229,1700000711,ACC-10020,166.77,USD,DEPOSIT,REF-DE-669610
230,1700000716,ACC-10003,661.99,USD,TRANSFER,REF-TR-915930
231,1700000717,ACC-10000,3.74,EUR,FEE,REF-FE-315813
232,1700000721,ACC-10000,517.08,USD,WITHDRAWAL,REF-WI-142782
233,1700000726,ACC-10086,125.11,VND,DEPOSIT,REF-DE-720590
234,1700000727,ACC-10000,856.61,USD,WITHDRAWAL,REF-WI-839313
235,1700000731,ACC-10058,983.54,EUR,TRANSFER,REF-TR-139311
236,1700000736,ACC-10167,943.17,USD,DEPOSIT,REF-DE-605438
237,1700000739,ACC-10035,436.11,VND,WITHDRAWAL,REF-WI-867723
238,1700000739,ACC-10006,368.2,USD,DEPOSIT,REF-DE-529516
239,1700000744,ACC-10377,335.77,VND,TRANSFER,REF-TR-578155
240,1700000748,ACC-10369,230.77,VND,TRANSFER,REF-TR-789977
241,1700000750,ACC-10138,240.21,USD,WITHDRAWAL,REF-WI-490849
242,1700000752,ACC-10010,259.1,USD,TRANSFER,REF-TR-896669
243,1700000757,ACC-10057,85.56,VND,TRANSFER,REF-TR-294176
244,1700000762,ACC-10094,9.42,VND,FEE,REF-FE-386870
245,1700000766,ACC-10002,4.2,VND,FEE,REF-FE-266257
246,1700000770,ACC-10003,29.21,USD,TRANSFER,REF-TR-896631
247,1700000770,ACC-10004,5.6,USD,FEE,REF-FE-653577
248,1700000772,ACC-10000,183.58,VND,TRANSFER,REF-TR-598050
249,1700000775,ACC-10000,217.51,USD,DEPOSIT,REF-DE-726865
250,1700000780,ACC-10001,287.17,USD,WITHDRAWAL,REF-WI-340155
251,1700000785,ACC-10003,598.74,USD,WITHDRAWAL,REF-WI-397665
252,1700000785,ACC-10008,91.22,USD,WITHDRAWAL,REF-WI-711970
253,1700000788,ACC-10025,366.75,USD,WITHDRAWAL,REF-WI-493506
254,1700000789,ACC-10014,171.79,USD,DEPOSIT,REF-DE-499873
255,1700000790,ACC-10015,1481.67,USD,TRANSFER,REF-TR-547407
256,1700000793,ACC-10003,349.79,VND,TRANSFER,REF-TR-405467
257,1700000793,ACC-10024,201.11,EUR,WITHDRAWAL,REF-WI-581012
258,1700000798,ACC-10008,261.92,USD,TRANSFER,REF-TR-824009
259,1700000802,ACC-10011,45.8,USD,DEPOSIT,REF-DE-156920
260,1700000804,ACC-10001,376.32,VND,TRANSFER,REF-TR-215308
261,1700000804,ACC-10006,288.57,VND,TRANSFER,REF-TR-382397
262,1700000808,ACC-10002,165.79,USD,TRANSFER,REF-TR-451194
263,1700000808,ACC-10020,225.41,USD,TRANSFER,REF-TR-247044
264,1700000810,ACC-10003,1277.33,USD,TRANSFER,REF-TR-520322
265,1700000813,ACC-10066,42.38,USD,TRANSFER,REF-TR-899164
266,1700000815,ACC-10004,44.43,USD,WITHDRAWAL,REF-WI-371084
267,1700000816,ACC-10227,430.9,VND,WITHDRAWAL,REF-WI-276202
268,1700000819,ACC-10008,133.36,USD,WITHDRAWAL,REF-WI-976317
269,1700000819,ACC-10057,402.51,VND,WITHDRAWAL,REF-WI-794446
270,1700000822,ACC-10017,1063.61,USD,TRANSFER,REF-TR-177880
271,1700000827,ACC-10000,1254.47,EUR,TRANSFER,REF-TR-765421
272,1700000829,ACC-10045,238.05,USD,WITHDRAWAL,REF-WI-471091
273,1700000832,ACC-10004,305.95,EUR,WITHDRAWAL,REF-WI-146870
274,1700000832,ACC-10020,177.86,USD,TRANSFER,REF-TR-546368
275,1700000837,ACC-10011,375.54,VND,WITHDRAWAL,REF-WI-357719
276,1700000837,ACC-10195,334.92,USD,TRANSFER,REF-TR-706811
277,1700000841,ACC-10380,599.34,VND,TRANSFER,REF-TR-546675
278,1700000846,ACC-10006,293.1,USD,WITHDRAWAL,REF-WI-802821
279,1700000851,ACC-10002,4.12,USD,FEE,REF-FE-896336
280,1700000851,ACC-10001,466.24,VND,DEPOSIT,REF-DE-163745
281,1700000856,ACC-10019,1165.39,VND,TRANSFER,REF-TR-284017
282,1700000857,ACC-10000,976.09,USD,TRANSFER,REF-TR-660086
283,1700000857,ACC-10011,291.83,USD,WITHDRAWAL,REF-WI-549375
284,1700000858,ACC-10106,218.63,VND,TRANSFER,REF-TR-842307
285,1700000858,ACC-10020,171.52,USD,TRANSFER,REF-TR-860788
286,1700000863,ACC-10456,969.08,USD,TRANSFER,REF-TR-613064
287,1700000863,ACC-10215,943.19,USD,TRANSFER,REF-TR-892561
288,1700000865,ACC-10098,399.03,USD,WITHDRAWAL,REF-WI-768436
289,1700000870,ACC-10019,38.71,USD,WITHDRAWAL,REF-WI-586091
290,1700000874,ACC-10001,558.38,EUR,DEPOSIT,REF-DE-449275
291,1700000879,ACC-10000,107.26,USD,WITHDRAWAL,REF-WI-949391
292,1700000883,ACC-10026,105.85,USD,DEPOSIT,REF-DE-444379
293,1700000884,ACC-10092,282.26,EUR,WITHDRAWAL,REF-WI-602680
294,1700000889,ACC-10000,339.84,EUR,TRANSFER,REF-TR-201937
295,1700000889,ACC-10070,90.97,EUR,DEPOSIT,REF-DE-364819
296,1700000890,ACC-10075,1706.07,USD,TRANSFER,REF-TR-345275
297,1700000895,ACC-10009,475.76,USD,WITHDRAWAL,REF-WI-408553
298,1700000896,ACC-10002,52.28,USD,WITHDRAWAL,REF-WI-719142
299,1700000896,ACC-10030,4.59,VND,FEE,REF-FE-193957
300,1700000896,ACC-10012,190.01,EUR,WITHDRAWAL,REF-WI-585973
301,1700000897,ACC-10001,563.61,USD,DEPOSIT,REF-DE-630114
302,1700000901,ACC-10044,30.0,EUR,DEPOSIT,REF-DE-786049
303,1700000903,ACC-10002,347.32,USD,WITHDRAWAL,REF-WI-715533
304,1700000903,ACC-10000,221.86,USD,TRANSFER,REF-TR-154849
305,1700000904,ACC-10009,153.46,VND,WITHDRAWAL,REF-WI-921950
306,1700000909,ACC-10229,285.69,EUR,TRANSFER,REF-TR-622028
307,1700000911,ACC-10050,84.63,EUR,DEPOSIT,REF-DE-899676
308,1700000915,ACC-10154,101.21,EUR,TRANSFER,REF-TR-671320
309,1700000915,ACC-10089,160.83,USD,TRANSFER,REF-TR-826544
310,1700000918,ACC-10002,101.66,VND,WITHDRAWAL,REF-WI-104936
311,1700000920,ACC-10066,857.17,USD,TRANSFER,REF-TR-187671
312,1700000922,ACC-10000,2.73,USD,FEE,REF-FE-326773
313,1700000923,ACC-10277,195.98,USD,WITHDRAWAL,REF-WI-166102
314,1700000925,ACC-10021,8.95,USD,FEE,REF-FE-469522
315,1700000925,ACC-10121,495.03,VND,DEPOSIT,REF-DE-736451
316,1700000929,ACC-10004,144.6,VND,TRANSFER,REF-TR-977221
317,1700000933,ACC-10333,1390.77,USD,TRANSFER,REF-TR-433728
318,1700000934,ACC-10004,476.72,USD,TRANSFER,REF-TR-126036
319,1700000936,ACC-10002,208.69,VND,DEPOSIT,REF-DE-380761
320,1700000940,ACC-10002,1226.23,USD,WITHDRAWAL,REF-WI-275893
321,1700000945,ACC-10084,655.32,USD,DEPOSIT,REF-DE-426608
322,1700000947,ACC-10288,271.87,EUR,DEPOSIT,REF-DE-574329
323,1700000951,ACC-10072,175.72,VND,DEPOSIT,REF-DE-756943
324,1700000954,ACC-10446,302.26,USD,TRANSFER,REF-TR-149714
325,1700000957,ACC-10001,339.72,USD,TRANSFER,REF-TR-456827
326,1700000960,ACC-10065,55.36,VND,DEPOSIT,REF-DE-716430
327,1700000960,ACC-10033,86.1,VND,TRANSFER,REF-TR-330231
328,1700000961,ACC-10001,200.34,USD,WITHDRAWAL,REF-WI-563122
329,1700000964,ACC-10153,92.49,USD,TRANSFER,REF-TR-122575
330,1700000964,ACC-10064,758.6,USD,TRANSFER,REF-TR-221197
331,1700000966,ACC-10030,255.71,VND,DEPOSIT,REF-DE-105417
332,1700000967,ACC-10295,467.46,USD,TRANSFER,REF-TR-737316
333,1700000972,ACC-10007,114.32,USD,WITHDRAWAL,REF-WI-821320
334,1700000972,ACC-10230,1171.74,USD,DEPOSIT,REF-DE-171619
335,1700000973,ACC-10042,1140.47,USD,DEPOSIT,REF-DE-749513
336,1700000976,ACC-10000,99.3,USD,DEPOSIT,REF-DE-120010
337,1700000979,ACC-10027,310.53,USD,TRANSFER,REF-TR-792198
338,1700000981,ACC-10115,259.51,EUR,TRANSFER,REF-TR-440216
339,1700000981,ACC-10002,287.99,USD,TRANSFER,REF-TR-116949
340,1700000981,ACC-10018,239.42,USD,WITHDRAWAL,REF-WI-530620
341,1700000982,ACC-10004,335.72,USD,TRANSFER,REF-TR-880837
342,1700000987,ACC-10003,216.04,VND,TRANSFER,REF-TR-377780
343,1700000988,ACC-10243,275.0,USD,WITHDRAWAL,REF-WI-653468
344,1700000992,ACC-10004,191.76,VND,WITHDRAWAL,REF-WI-730047
345,1700000992,ACC-10000,57.56,USD,WITHDRAWAL,REF-WI-709851
346,1700000993,ACC-10016,303.73,USD,WITHDRAWAL,REF-WI-770655
347,1700000993,ACC-10003,130.76,VND,DEPOSIT,REF-DE-618321
348,1700000994,ACC-10005,5.2,VND,FEE,REF-FE-286354
349,1700000998,ACC-10256,304.25,USD,DEPOSIT,REF-DE-949141
350,1700001001,ACC-10007,45.67,USD,WITHDRAWAL,REF-WI-677501
351,1700001003,ACC-10003,220.64,USD,WITHDRAWAL,REF-WI-587728
352,1700001005,ACC-10015,384.87,USD,TRANSFER,REF-TR-398949
353,1700001006,ACC-10389,46.13,USD,WITHDRAWAL,REF-WI-888459
354,1700001007,ACC-10041,2.39,VND,FEE,REF-FE-670583
355,1700001008,ACC-10002,101.04,EUR,DEPOSIT,REF-DE-925383
356,1700001008,ACC-10002,205.48,VND,DEPOSIT,REF-DE-286877
357,1700001009,ACC-10031,613.61,USD,TRANSFER,REF-TR-144873
358,1700001011,ACC-10001,124.48,USD,WITHDRAWAL,REF-WI-406271
359,1700001011,ACC-10009,111.93,VND,DEPOSIT,REF-DE-793786
360,1700001014,ACC-10008,57.16,VND,TRANSFER,REF-TR-191889
361,1700001017,ACC-10057,61.75,VND,TRANSFER,REF-TR-147134
362,1700001021,ACC-10002,86.41,USD,TRANSFER,REF-TR-310031
363,1700001023,ACC-10000,4.02,USD,FEE,REF-FE-500101
364,1700001025,ACC-10000,160.04,EUR,WITHDRAWAL,REF-WI-208256
365,1700001030,ACC-10000,255.42,USD,TRANSFER,REF-TR-811707
366,1700001031,ACC-10002,62.86,USD,WITHDRAWAL,REF-WI-823512
367,1700001034,ACC-10105,1344.01,USD,TRANSFER,REF-TR-275609
368,1700001039,ACC-10000,478.0,USD,DEPOSIT,REF-DE-226200
369,1700001043,ACC-10027,69.62,USD,WITHDRAWAL,REF-WI-582653
370,1700001043,ACC-10001,242.12,EUR,WITHDRAWAL,REF-WI-116956
371,1700001047,ACC-10000,208.28,USD,TRANSFER,REF-TR-682703
372,1700001052,ACC-10000,307.52,USD,WITHDRAWAL,REF-WI-954580
373,1700001056,ACC-10006,447.54,USD,WITHDRAWAL,REF-WI-565779
374,1700001057,ACC-10000,1233.66,USD,TRANSFER,REF-TR-724874
375,1700001061,ACC-10000,148.72,VND,DEPOSIT,REF-DE-939815
376,1700001065,ACC-10020,235.38,USD,TRANSFER,REF-TR-894916
377,1700001065,ACC-10314,881.65,EUR,WITHDRAWAL,REF-WI-724935
378,1700001067,ACC-10003,134.82,EUR,WITHDRAWAL,REF-WI-494993
379,1700001071,ACC-10000,941.24,USD,TRANSFER,REF-TR-653390
380,1700001071,ACC-10041,296.29,USD,WITHDRAWAL,REF-WI-620041
381,1700001074,ACC-10001,145.53,VND,WITHDRAWAL,REF-WI-138731
382,1700001077,ACC-10002,380.26,USD,DEPOSIT,REF-DE-803903
383,1700001081,ACC-10106,355.86,USD,TRANSFER,REF-TR-911250
384,1700001085,ACC-10128,1672.62,VND,TRANSFER,REF-TR-630935
385,1700001086,ACC-10024,4.81,VND,FEE,REF-FE-685667
386,1700001089,ACC-10000,50.49,USD,DEPOSIT,REF-DE-370023
387,1700001092,ACC-10000,171.05,USD,DEPOSIT,REF-DE-111150
388,1700001096,ACC-10323,1158.75,USD,TRANSFER,REF-TR-301542
389,1700001097,ACC-10001,90.52,USD,TRANSFER,REF-TR-665573
390,1700001101,ACC-10063,52.71,VND,WITHDRAWAL,REF-WI-113821
391,1700001101,ACC-10011,107.62,VND,DEPOSIT,REF-DE-210185
392,1700001106,ACC-10011,150.03,USD,TRANSFER,REF-TR-119015
393,1700001106,ACC-10000,1082.47,USD,WITHDRAWAL,REF-WI-614252
394,1700001106,ACC-10040,3.17,USD,FEE,REF-FE-444604
395,1700001108,ACC-10008,125.37,USD,WITHDRAWAL,REF-WI-349470
396,1700001109,ACC-10006,346.37,USD,TRANSFER,REF-TR-372799
397,1700001110,ACC-10000,1.8,USD,FEE,REF-FE-420847
398,1700001113,ACC-10160,2439.78,USD,TRANSFER,REF-TR-252742
399,1700001113,ACC-10000,312.4,EUR,DEPOSIT,REF-DE-500533
400,1700001113,ACC-10015,85.29,VND,TRANSFER,REF-TR-408269
401,1700001114,ACC-10034,86.16,USD,TRANSFER,REF-TR-594769
402,1700001118,ACC-10000,3.51,USD,FEE,REF-FE-812506
403,1700001121,ACC-10237,1827.83,USD,WITHDRAWAL,REF-WI-883104
404,1700001123,ACC-10000,327.0,USD,WITHDRAWAL,REF-WI-553929
405,1700001125,ACC-10000,395.61,USD,TRANSFER,REF-TR-852096
406,1700001129,ACC-10004,460.14,USD,TRANSFER,REF-TR-941556
407,1700001131,ACC-10010,155.71,USD,TRANSFER,REF-TR-527685
408,1700001133,ACC-10007,239.44,VND,TRANSFER,REF-TR-560200
409,1700001136,ACC-10409,253.98,USD,WITHDRAWAL,REF-WI-125970
410,1700001139,ACC-10122,93.79,USD,TRANSFER,REF-TR-600254
411,1700001143,ACC-10007,107.52,USD,WITHDRAWAL,REF-WI-350427
412,1700001148,ACC-10006,149.81,USD,WITHDRAWAL,REF-WI-581724
413,1700001148,ACC-10058,719.18,EUR,TRANSFER,REF-TR-427020
414,1700001150,ACC-10003,42.36,VND,WITHDRAWAL,REF-WI-161582
415,1700001154,ACC-10052,620.8,VND,WITHDRAWAL,REF-WI-536361
416,1700001155,ACC-10001,108.5,VND,TRANSFER,REF-TR-965482
417,1700001156,ACC-10000,149.26,EUR,WITHDRAWAL,REF-WI-389944
418,1700001157,ACC-10004,316.7,USD,WITHDRAWAL,REF-WI-371577
419,1700001160,ACC-10024,1964.49,USD,TRANSFER,REF-TR-761580
420,1700001165,ACC-10000,99.73,USD,DEPOSIT,REF-DE-717126
421,1700001166,ACC-10233,174.81,USD,TRANSFER,REF-TR-284977
422,1700001167,ACC-10242,4658.07,USD,TRANSFER,REF-TR-881193
423,1700001167,ACC-10106,279.81,USD,WITHDRAWAL,REF-WI-763291
424,1700001170,ACC-10138,119.51,EUR,TRANSFER,REF-TR-839431
425,1700001175,ACC-10019,201.38,VND,DEPOSIT,REF-DE-315579
426,1700001176,ACC-10156,2423.91,USD,WITHDRAWAL,REF-WI-545762
427,1700001179,ACC-10001,158.18,VND,WITHDRAWAL,REF-WI-830463
428,1700001180,ACC-10003,38.35,USD,WITHDRAWAL,REF-WI-587518
429,1700001184,ACC-10001,2137.92,VND,TRANSFER,REF-TR-723182
430,1700001185,ACC-10025,343.32,USD,DEPOSIT,REF-DE-254146
431,1700001186,ACC-10002,2105.8,USD,TRANSFER,REF-TR-485896
432,1700001186,ACC-10160,425.97,VND,WITHDRAWAL,REF-WI-894034
433,1700001190,ACC-10005,142.54,USD,TRANSFER,REF-TR-802487
434,1700001191,ACC-10081,82.58,VND,TRANSFER,REF-TR-955234
435,1700001193,ACC-10003,402.59,USD,DEPOSIT,REF-DE-766394
436,1700001195,ACC-10347,321.14,USD,TRANSFER,REF-TR-555881
437,1700001197,ACC-10003,937.68,USD,TRANSFER,REF-TR-762966
438,1700001199,ACC-10250,384.91,VND,WITHDRAWAL,REF-WI-642630
439,1700001204,ACC-10000,245.55,USD,WITHDRAWAL,REF-WI-366584
440,1700001206,ACC-10005,343.2,VND,DEPOSIT,REF-DE-888825
441,1700001211,ACC-10018,1093.56,VND,WITHDRAWAL,REF-WI-712762
442,1700001211,ACC-10074,166.01,USD,WITHDRAWAL,REF-WI-183757
443,1700001211,ACC-10269,597.59,VND,TRANSFER,REF-TR-789774
444,1700001213,ACC-10000,404.38,USD,DEPOSIT,REF-DE-243187
445,1700001215,ACC-10004,248.15,VND,WITHDRAWAL,REF-WI-697833
446,1700001217,ACC-10002,219.76,USD,DEPOSIT,REF-DE-804734
447,1700001222,ACC-10022,3.85,EUR,FEE,REF-FE-128281
448,1700001223,ACC-10013,216.8,VND,TRANSFER,REF-TR-859374
449,1700001226,ACC-10000,256.18,USD,TRANSFER,REF-TR-327696
450,1700001230,ACC-10000,270.04,VND,TRANSFER,REF-TR-739173
451,1700001234,ACC-10012,1686.9,VND,WITHDRAWAL,REF-WI-917697
452,1700001238,ACC-10255,368.18,EUR,TRANSFER,REF-TR-399803
453,1700001239,ACC-10093,193.53,EUR,DEPOSIT,REF-DE-352143
454,1700001239,ACC-10004,117.92,USD,WITHDRAWAL,REF-WI-322279
455,1700001242,ACC-10099,566.27,VND,TRANSFER,REF-TR-286300
456,1700001244,ACC-10000,288.87,USD,WITHDRAWAL,REF-WI-157888
457,1700001249,ACC-10121,1150.68,VND,DEPOSIT,REF-DE-153618
458,1700001251,ACC-10001,202.64,USD,DEPOSIT,REF-DE-960076
459,1700001251,ACC-10290,23.74,EUR,TRANSFER,REF-TR-263335
460,1700001253,ACC-10005,178.65,USD,WITHDRAWAL,REF-WI-990913
461,1700001254,ACC-10000,2.86,USD,FEE,REF-FE-630814
462,1700001259,ACC-10000,419.33,USD,WITHDRAWAL,REF-WI-271407
463,1700001262,ACC-10004,94.44,USD,DEPOSIT,REF-DE-100371
464,1700001263,ACC-10039,488.37,USD,WITHDRAWAL,REF-WI-300885
465,1700001265,ACC-10006,130.42,VND,WITHDRAWAL,REF-WI-303367
466,1700001267,ACC-10000,2007.32,USD,TRANSFER,REF-TR-929337
467,1700001268,ACC-10202,34.93,VND,DEPOSIT,REF-DE-346307
468,1700001268,ACC-10011,284.46,VND,WITHDRAWAL,REF-WI-152683
469,1700001272,ACC-10079,433.28,VND,WITHDRAWAL,REF-WI-995673
470,1700001273,ACC-10001,316.65,VND,WITHDRAWAL,REF-WI-188581
471,1700001277,ACC-10000,1014.48,USD,TRANSFER,REF-TR-920771
472,1700001278,ACC-10001,1555.44,USD,DEPOSIT,REF-DE-790427
473,1700001280,ACC-10000,368.44,VND,DEPOSIT,REF-DE-624066
474,1700001281,ACC-10000,468.45,USD,TRANSFER,REF-TR-902794
475,1700001281,ACC-10000,519.08,EUR,TRANSFER,REF-TR-513037
476,1700001284,ACC-10001,284.65,USD,DEPOSIT,REF-DE-717247
477,1700001284,ACC-10017,375.02,USD,WITHDRAWAL,REF-WI-382303
478,1700001285,ACC-10020,676.57,USD,WITHDRAWAL,REF-WI-257923
479,1700001285,ACC-10190,1075.65,EUR,DEPOSIT,REF-DE-790551
480,1700001290,ACC-10003,27.4,VND,TRANSFER,REF-TR-106240
481,1700001293,ACC-10012,846.55,VND,TRANSFER,REF-TR-347964
482,1700001294,ACC-10108,2885.65,USD,TRANSFER,REF-TR-420503
483,1700001299,ACC-10023,94.07,USD,WITHDRAWAL,REF-WI-212772
484,1700001302,ACC-10013,127.6,EUR,DEPOSIT,REF-DE-338778
485,1700001302,ACC-10462,67.94,VND,DEPOSIT,REF-DE-360914
486,1700001307,ACC-10418,4.01,VND,FEE,REF-FE-396248
487,1700001312,ACC-10003,90.67,USD,WITHDRAWAL,REF-WI-294411
488,1700001313,ACC-10089,942.41,USD,TRANSFER,REF-TR-474763
489,1700001313,ACC-10049,5.61,USD,FEE,REF-FE-506118
490,1700001318,ACC-10000,166.86,USD,WITHDRAWAL,REF-WI-787579
491,1700001323,ACC-10000,172.27,EUR,TRANSFER,REF-TR-281318
492,1700001328,ACC-10001,146.31,EUR,TRANSFER,REF-TR-519211
493,1700001331,ACC-10141,50.34,USD,WITHDRAWAL,REF-WI-945387
494,1700001331,ACC-10042,658.4,USD,TRANSFER,REF-TR-917056
495,1700001334,ACC-10031,160.08,USD,WITHDRAWAL,REF-WI-857250
496,1700001335,ACC-10000,288.44,USD,WITHDRAWAL,REF-WI-755480
497,1700001337,ACC-10008,71.19,USD,DEPOSIT,REF-DE-476052
498,1700001339,ACC-10040,199.86,VND,WITHDRAWAL,REF-WI-564628
499,1700001342,ACC-10001,4.85,EUR,FEE,REF-FE-973163
500,1700001346,ACC-10000,82.97,USD,WITHDRAWAL,REF-WI-918469
501,1700001349,ACC-10007,841.08,VND,WITHDRAWAL,REF-WI-985624
502,1700001354,ACC-10000,253.2,USD,DEPOSIT,REF-DE-576927
503,1700001355,ACC-10139,352.47,USD,TRANSFER,REF-TR-398668
504,1700001356,ACC-10335,199.41,USD,WITHDRAWAL,REF-WI-248092
505,1700001360,ACC-10267,2.73,EUR,FEE,REF-FE-355395
506,1700001362,ACC-10013,84.77,VND,WITHDRAWAL,REF-WI-766747
507,1700001367,ACC-10014,154.04,USD,TRANSFER,REF-TR-421235
508,1700001372,ACC-10266,426.95,USD,TRANSFER,REF-TR-737903
509,1700001374,ACC-10028,291.42,VND,DEPOSIT,REF-DE-498065
510,1700001377,ACC-10032,299.65,USD,DEPOSIT,REF-DE-302071
511,1700001381,ACC-10005,191.46,VND,DEPOSIT,REF-DE-643810
512,1700001381,ACC-10091,2.09,VND,FEE,REF-FE-588065
513,1700001382,ACC-10000,399.18,USD,TRANSFER,REF-TR-204396
514,1700001385,ACC-10000,1001.67,USD,TRANSFER,REF-TR-224283
515,1700001387,ACC-10024,203.32,VND,TRANSFER,REF-TR-891057
516,1700001387,ACC-10001,387.4,USD,TRANSFER,REF-TR-501210
517,1700001387,ACC-10237,801.95,EUR,TRANSFER,REF-TR-919998
518,1700001391,ACC-10001,349.37,EUR,WITHDRAWAL,REF-WI-592379
519,1700001396,ACC-10001,353.84,VND,WITHDRAWAL,REF-WI-846208
520,1700001401,ACC-10001,143.11,USD,TRANSFER,REF-TR-970430
521,1700001402,ACC-10006,249.04,USD,WITHDRAWAL,REF-WI-668681
522,1700001407,ACC-10000,5857.31,USD,TRANSFER,REF-TR-968118
523,1700001411,ACC-10011,537.13,VND,WITHDRAWAL,REF-WI-244590
524,1700001414,ACC-10000,1.87,USD,FEE,REF-FE-915970
525,1700001414,ACC-10041,183.44,USD,WITHDRAWAL,REF-WI-969499
526,1700001418,ACC-10001,819.03,VND,WITHDRAWAL,REF-WI-125133
527,1700001423,ACC-10014,108.53,USD,TRANSFER,REF-TR-384513
528,1700001427,ACC-10000,52.01,VND,TRANSFER,REF-TR-169370
529,1700001428,ACC-10007,837.66,VND,TRANSFER,REF-TR-521828
530,1700001432,ACC-10040,142.84,USD,DEPOSIT,REF-DE-223460
531,1700001435,ACC-10106,144.01,VND,WITHDRAWAL,REF-WI-671947
532,1700001439,ACC-10000,1665.49,VND,TRANSFER,REF-TR-417425
533,1700001440,ACC-10001,3.64,USD,FEE,REF-FE-273579
534,1700001445,ACC-10009,117.83,USD,WITHDRAWAL,REF-WI-192651
535,1700001448,ACC-10109,504.81,USD,DEPOSIT,REF-DE-175629
536,1700001450,ACC-10007,305.77,USD,TRANSFER,REF-TR-769116
537,1700001450,ACC-10007,920.89,USD,WITHDRAWAL,REF-WI-950311
538,1700001454,ACC-10000,329.58,USD,DEPOSIT,REF-DE-496510
539,1700001454,ACC-10075,230.7,USD,DEPOSIT,REF-DE-896427
540,1700001459,ACC-10005,85.16,USD,DEPOSIT,REF-DE-435058
541,1700001463,ACC-10002,239.25,USD,TRANSFER,REF-TR-944930
542,1700001467,ACC-10001,1698.82,USD,TRANSFER,REF-TR-929463
543,1700001471,ACC-10008,3.1,VND,FEE,REF-FE-251463
544,1700001472,ACC-10100,222.92,USD,DEPOSIT,REF-DE-208169
545,1700001477,ACC-10001,377.23,USD,TRANSFER,REF-TR-118915
546,1700001477,ACC-10288,83.99,USD,TRANSFER,REF-TR-286077
547,1700001481,ACC-10000,147.47,USD,TRANSFER,REF-TR-496054
548,1700001486,ACC-10008,153.97,VND,TRANSFER,REF-TR-133637
549,1700001491,ACC-10002,674.61,USD,TRANSFER,REF-TR-663796
550,1700001493,ACC-10017,1657.5,VND,TRANSFER,REF-TR-404737
551,1700001497,ACC-10114,345.08,USD,TRANSFER,REF-TR-589041
552,1700001501,ACC-10001,192.09,USD,TRANSFER,REF-TR-857088
553,1700001506,ACC-10001,381.31,USD,TRANSFER,REF-TR-510644
554,1700001510,ACC-10000,36.67,USD,WITHDRAWAL,REF-WI-700901
555,1700001512,ACC-10000,1326.57,USD,TRANSFER,REF-TR-579969
556,1700001515,ACC-10059,174.0,VND,WITHDRAWAL,REF-WI-283300
557,1700001516,ACC-10386,268.27,VND,WITHDRAWAL,REF-WI-833435
558,1700001519,ACC-10000,461.63,VND,TRANSFER,REF-TR-730391
559,1700001520,ACC-10000,2.04,USD,FEE,REF-FE-358731
560,1700001523,ACC-10030,357.2,USD,WITHDRAWAL,REF-WI-820589
561,1700001528,ACC-10014,379.52,USD,TRANSFER,REF-TR-811116
562,1700001531,ACC-10484,213.87,USD,WITHDRAWAL,REF-WI-974664
563,1700001533,ACC-10035,309.1,VND,TRANSFER,REF-TR-777493
564,1700001536,ACC-10003,4.52,EUR,FEE,REF-FE-225546
565,1700001541,ACC-10031,152.32,VND,WITHDRAWAL,REF-WI-173435
566,1700001542,ACC-10083,76.39,USD,WITHDRAWAL,REF-WI-525472
567,1700001543,ACC-10018,595.65,VND,TRANSFER,REF-TR-236739
568,1700001546,ACC-10062,124.14,USD,DEPOSIT,REF-DE-785738
569,1700001551,ACC-10000,139.03,EUR,WITHDRAWAL,REF-WI-463333
570,1700001555,ACC-10003,1073.36,VND,TRANSFER,REF-TR-539098
571,1700001560,ACC-10129,207.37,VND,WITHDRAWAL,REF-WI-946365
572,1700001562,ACC-10005,2.31,USD,FEE,REF-FE-118648
573,1700001566,ACC-10119,215.79,EUR,DEPOSIT,REF-DE-516518
574,1700001570,ACC-10041,1.69,VND,FEE,REF-FE-215237
575,1700001572,ACC-10004,123.94,USD,DEPOSIT,REF-DE-605258
576,1700001575,ACC-10005,412.33,EUR,TRANSFER,REF-TR-363075
577,1700001575,ACC-10002,86.83,USD,TRANSFER,REF-TR-738547
578,1700001575,ACC-10002,77.97,VND,WITHDRAWAL,REF-WI-902945
579,1700001580,ACC-10217,277.73,VND,TRANSFER,REF-TR-394405
580,1700001585,ACC-10010,3.95,USD,FEE,REF-FE-238357
581,1700001590,ACC-10000,69.46,USD,WITHDRAWAL,REF-WI-137695
582,1700001590,ACC-10026,966.86,USD,TRANSFER,REF-TR-154441
583,1700001595,ACC-10010,109.37,VND,DEPOSIT,REF-DE-331333
584,1700001596,ACC-10002,116.47,USD,TRANSFER,REF-TR-830942
585,1700001600,ACC-10004,101.28,EUR,DEPOSIT,REF-DE-141095
586,1700001602,ACC-10005,136.8,EUR,TRANSFER,REF-TR-614208
587,1700001605,ACC-10002,571.96,VND,DEPOSIT,REF-DE-515494
588,1700001610,ACC-10008,2632.9,USD,WITHDRAWAL,REF-WI-719753
589,1700001615,ACC-10055,771.2,USD,WITHDRAWAL,REF-WI-691522
590,1700001617,ACC-10000,115.34,VND,DEPOSIT,REF-DE-154969
591,1700001622,ACC-10142,266.29,USD,TRANSFER,REF-TR-240000
592,1700001627,ACC-10028,617.47,USD,WITHDRAWAL,REF-WI-225854
593,1700001631,ACC-10476,66.5,VND,WITHDRAWAL,REF-WI-729770
594,1700001634,ACC-10007,438.05,USD,TRANSFER,REF-TR-470760
595,1700001636,ACC-10356,9663.68,EUR,TRANSFER,REF-TR-711873
596,1700001636,ACC-10025,303.27,USD,TRANSFER,REF-TR-794319
597,1700001640,ACC-10085,1756.81,EUR,TRANSFER,REF-TR-248285
598,1700001641,ACC-10008,701.72,VND,TRANSFER,REF-TR-742220
599,1700001646,ACC-10007,459.2,USD,WITHDRAWAL,REF-WI-805411
600,1700001647,ACC-10192,1744.34,VND,TRANSFER,REF-TR-972387
601,1700001652,ACC-10000,531.56,USD,TRANSFER,REF-TR-606486
602,1700001657,ACC-10108,175.83,USD,DEPOSIT,REF-DE-650557
603,1700001659,ACC-10001,199.9,EUR,TRANSFER,REF-TR-476483
604,1700001660,ACC-10008,1416.97,USD,TRANSFER,REF-TR-621626
605,1700001660,ACC-10000,773.13,VND,WITHDRAWAL,REF-WI-595890
606,1700001661,ACC-10000,81.41,EUR,DEPOSIT,REF-DE-670259
607,1700001662,ACC-10009,359.1,USD,TRANSFER,REF-TR-846774
608,1700001665,ACC-10001,76.69,USD,TRANSFER,REF-TR-200677
609,1700001667,ACC-10041,220.59,USD,TRANSFER,REF-TR-367296
610,1700001671,ACC-10000,172.78,VND,WITHDRAWAL,REF-WI-837266
611,1700001673,ACC-10002,599.74,USD,TRANSFER,REF-TR-184047
612,1700001674,ACC-10130,379.78,USD,TRANSFER,REF-TR-124168
613,1700001675,ACC-10000,464.96,USD,WITHDRAWAL,REF-WI-819840
614,1700001675,ACC-10001,110.81,VND,WITHDRAWAL,REF-WI-452025
615,1700001679,ACC-10000,249.6,USD,DEPOSIT,REF-DE-195400
616,1700001683,ACC-10000,2.15,VND,FEE,REF-FE-780840
617,1700001683,ACC-10009,536.52,USD,TRANSFER,REF-TR-752906
618,1700001686,ACC-10016,386.34,USD,TRANSFER,REF-TR-669617
619,1700001689,ACC-10289,296.44,USD,TRANSFER,REF-TR-463135
620,1700001690,ACC-10123,672.84,EUR,TRANSFER,REF-TR-846533
621,1700001694,ACC-10085,605.65,VND,TRANSFER,REF-TR-353973
622,1700001699,ACC-10000,5.62,USD,FEE,REF-FE-776570
623,1700001700,ACC-10017,4.23,VND,FEE,REF-FE-858905
624,1700001701,ACC-10011,140.86,USD,TRANSFER,REF-TR-760981
625,1700001702,ACC-10006,1.27,VND,FEE,REF-FE-698827
626,1700001702,ACC-10036,322.24,VND,TRANSFER,REF-TR-649079
627,1700001704,ACC-10000,3706.61,USD,TRANSFER,REF-TR-704639
628,1700001706,ACC-10092,3858.97,USD,TRANSFER,REF-TR-458260
629,1700001706,ACC-10004,476.51,USD,WITHDRAWAL,REF-WI-176490
630,1700001707,ACC-10021,278.77,USD,TRANSFER,REF-TR-859167
631,1700001709,ACC-10078,330.42,USD,WITHDRAWAL,REF-WI-375727
632,1700001709,ACC-10019,186.66,USD,DEPOSIT,REF-DE-511053
633,1700001712,ACC-10028,765.58,VND,DEPOSIT,REF-DE-990769
634,1700001716,ACC-10007,170.95,EUR,DEPOSIT,REF-DE-711836
635,1700001718,ACC-10001,1.97,EUR,FEE,REF-FE-513462
636,1700001721,ACC-10020,212.08,VND,WITHDRAWAL,REF-WI-275925
637,1700001726,ACC-10186,296.51,EUR,WITHDRAWAL,REF-WI-347349
638,1700001730,ACC-10034,182.74,USD,TRANSFER,REF-TR-434149
639,1700001731,ACC-10006,436.57,USD,TRANSFER,REF-TR-844484
640,1700001731,ACC-10001,239.3,USD,DEPOSIT,REF-DE-542562
641,1700001733,ACC-10000,952.86,USD,TRANSFER,REF-TR-431833
642,1700001736,ACC-10273,292.39,EUR,TRANSFER,REF-TR-389892
643,1700001737,ACC-10001,400.07,VND,WITHDRAWAL,REF-WI-758897
644,1700001740,ACC-10012,344.39,USD,TRANSFER,REF-TR-132043
645,1700001742,ACC-10007,755.56,EUR,TRANSFER,REF-TR-584564
646,1700001744,ACC-10002,3.48,USD,FEE,REF-FE-356706
647,1700001746,ACC-10020,337.2,USD,WITHDRAWAL,REF-WI-547712
648,1700001750,ACC-10033,494.78,USD,TRANSFER,REF-TR-991350
649,1700001753,ACC-10081,1007.04,VND,TRANSFER,REF-TR-501791
650,1700001756,ACC-10026,71.93,EUR,TRANSFER,REF-TR-458877
651,1700001759,ACC-10001,398.31,EUR,TRANSFER,REF-TR-475801
652,1700001759,ACC-10007,239.93,VND,TRANSFER,REF-TR-981471
653,1700001759,ACC-10001,625.29,EUR,DEPOSIT,REF-DE-358050
654,1700001763,ACC-10000,94.99,USD,DEPOSIT,REF-DE-932220
655,1700001766,ACC-10008,1210.85,USD,TRANSFER,REF-TR-396240
656,1700001770,ACC-10001,158.1,USD,TRANSFER,REF-TR-689482
657,1700001773,ACC-10112,102.21,USD,WITHDRAWAL,REF-WI-557502
658,1700001777,ACC-10000,5175.97,USD,TRANSFER,REF-TR-131934
659,1700001782,ACC-10003,168.05,VND,TRANSFER,REF-TR-686343
660,1700001783,ACC-10150,490.09,USD,TRANSFER,REF-TR-828776
661,1700001787,ACC-10006,185.98,USD,TRANSFER,REF-TR-347720
662,1700001791,ACC-10250,380.03,VND,TRANSFER,REF-TR-186576
663,1700001796,ACC-10004,155.03,USD,WITHDRAWAL,REF-WI-176900
664,1700001796,ACC-10066,4.29,USD,FEE,REF-FE-809349
665,1700001798,ACC-10004,488.05,USD,WITHDRAWAL,REF-WI-905466
666,1700001801,ACC-10020,279.49,USD,TRANSFER,REF-TR-607677
667,1700001803,ACC-10000,1374.67,USD,TRANSFER,REF-TR-898011
668,1700001804,ACC-10000,2.1,VND,FEE,REF-FE-750642
669,1700001804,ACC-10000,249.36,USD,WITHDRAWAL,REF-WI-948195
670,1700001806,ACC-10010,108.09,USD,TRANSFER,REF-TR-130594
671,1700001808,ACC-10065,236.71,USD,TRANSFER,REF-TR-850158
672,1700001809,ACC-10000,219.77,VND,WITHDRAWAL,REF-WI-954971
673,1700001809,ACC-10000,1089.18,USD,TRANSFER,REF-TR-950427
674,1700001813,ACC-10001,165.95,VND,TRANSFER,REF-TR-471561
675,1700001813,ACC-10000,872.23,USD,DEPOSIT,REF-DE-473949
676,1700001817,ACC-10002,68.76,USD,TRANSFER,REF-TR-369483
677,1700001821,ACC-10003,674.15,USD,WITHDRAWAL,REF-WI-646423
678,1700001822,ACC-10001,173.33,USD,TRANSFER,REF-TR-573589
679,1700001826,ACC-10477,102.65,VND,WITHDRAWAL,REF-WI-762974
680,1700001830,ACC-10027,3.63,USD,FEE,REF-FE-163752
681,1700001834,ACC-10158,1543.7,USD,TRANSFER,REF-TR-818751
682,1700001836,ACC-10135,129.42,EUR,TRANSFER,REF-TR-660325
683,1700001838,ACC-10140,7.2,VND,FEE,REF-FE-497251
684,1700001838,ACC-10014,1040.0,USD,TRANSFER,REF-TR-200838
685,1700001838,ACC-10000,2.4,VND,FEE,REF-FE-294152
686,1700001838,ACC-10095,189.73,USD,DEPOSIT,REF-DE-805840
687,1700001838,ACC-10000,1038.64,USD,TRANSFER,REF-TR-409411
688,1700001839,ACC-10003,542.33,USD,TRANSFER,REF-TR-972079
689,1700001839,ACC-10001,209.88,USD,TRANSFER,REF-TR-657399
690,1700001840,ACC-10018,77.51,USD,TRANSFER,REF-TR-956068
691,1700001844,ACC-10066,663.03,USD,TRANSFER,REF-TR-961623
692,1700001848,ACC-10000,4871.6,USD,TRANSFER,REF-TR-378621
693,1700001848,ACC-10000,235.67,USD,TRANSFER,REF-TR-873519
694,1700001852,ACC-10003,104.6,USD,TRANSFER,REF-TR-953304
695,1700001857,ACC-10002,68.64,USD,DEPOSIT,REF-DE-700950
696,1700001862,ACC-10189,72.56,USD,DEPOSIT,REF-DE-102000
697,1700001862,ACC-10004,2.78,EUR,FEE,REF-FE-101429
698,1700001867,ACC-10156,947.69,EUR,TRANSFER,REF-TR-876398
699,1700001870,ACC-10010,60.56,USD,WITHDRAWAL,REF-WI-394257
700,1700001872,ACC-10001,934.88,USD,TRANSFER,REF-TR-143067
701,1700001872,ACC-10000,460.64,USD,TRANSFER,REF-TR-591824
702,1700001874,ACC-10000,723.12,USD,TRANSFER,REF-TR-632048
703,1700001876,ACC-10039,457.76,USD,TRANSFER,REF-TR-745227
704,1700001878,ACC-10015,180.04,USD,TRANSFER,REF-TR-861012
705,1700001882,ACC-10001,54.94,USD,WITHDRAWAL,REF-WI-945814
706,1700001885,ACC-10015,3.04,USD,FEE,REF-FE-334063
707,1700001885,ACC-10001,167.24,VND,TRANSFER,REF-TR-836780
708,1700001886,ACC-10340,748.43,USD,WITHDRAWAL,REF-WI-311723
709,1700001888,ACC-10041,64.3,USD,WITHDRAWAL,REF-WI-584049
710,1700001890,ACC-10015,190.92,USD,WITHDRAWAL,REF-WI-678268
711,1700001890,ACC-10095,82.4,USD,WITHDRAWAL,REF-WI-372185
712,1700001893,ACC-10003,107.71,VND,TRANSFER,REF-TR-937779
713,1700001898,ACC-10002,471.18,VND,DEPOSIT,REF-DE-760179
714,1700001901,ACC-10000,641.58,USD,TRANSFER,REF-TR-206377
715,1700001901,ACC-10000,734.21,VND,TRANSFER,REF-TR-901726
716,1700001904,ACC-10026,50.53,VND,WITHDRAWAL,REF-WI-805180
717,1700001905,ACC-10017,61.97,EUR,TRANSFER,REF-TR-298451
718,1700001908,ACC-10090,3855.27,USD,TRANSFER,REF-TR-518320
719,1700001912,ACC-10052,27.75,USD,DEPOSIT,REF-DE-275028
720,1700001912,ACC-10004,174.61,EUR,WITHDRAWAL,REF-WI-602198
721,1700001915,ACC-10085,149.08,USD,WITHDRAWAL,REF-WI-776764
722,1700001917,ACC-10003,236.91,USD,TRANSFER,REF-TR-776653
723,1700001917,ACC-10003,152.24,USD,WITHDRAWAL,REF-WI-233399
724,1700001922,ACC-10012,114.27,USD,WITHDRAWAL,REF-WI-324455
725,1700001927,ACC-10071,108.15,USD,DEPOSIT,REF-DE-995141
726,1700001927,ACC-10000,177.99,VND,TRANSFER,REF-TR-701280
727,1700001928,ACC-10002,502.11,VND,WITHDRAWAL,REF-WI-330589
728,1700001929,ACC-10022,655.59,USD,TRANSFER,REF-TR-771062
729,1700001933,ACC-10033,3030.0,EUR,TRANSFER,REF-TR-364422
730,1700001934,ACC-10003,654.12,USD,DEPOSIT,REF-DE-952076
731,1700001934,ACC-10008,1163.91,EUR,TRANSFER,REF-TR-853437
732,1700001938,ACC-10000,219.47,USD,TRANSFER,REF-TR-479320
733,1700001943,ACC-10026,427.23,USD,TRANSFER,REF-TR-668723
734,1700001945,ACC-10001,378.98,VND,WITHDRAWAL,REF-WI-217401
735,1700001949,ACC-10000,2319.91,USD,TRANSFER,REF-TR-728868
736,1700001954,ACC-10019,2021.74,VND,TRANSFER,REF-TR-397042
737,1700001957,ACC-10015,2.38,USD,FEE,REF-FE-906885
738,1700001961,ACC-10412,699.67,USD,WITHDRAWAL,REF-WI-956024
739,1700001965,ACC-10374,132.0,EUR,TRANSFER,REF-TR-814634
740,1700001970,ACC-10000,378.88,USD,DEPOSIT,REF-DE-189710
741,1700001975,ACC-10017,92.41,EUR,WITHDRAWAL,REF-WI-570824
742,1700001977,ACC-10050,400.25,VND,TRANSFER,REF-TR-484209
743,1700001979,ACC-10000,135.83,USD,WITHDRAWAL,REF-WI-422455
744,1700001982,ACC-10000,484.96,USD,DEPOSIT,REF-DE-605621
745,1700001983,ACC-10000,1940.63,USD,TRANSFER,REF-TR-775991
746,1700001985,ACC-10002,950.93,USD,WITHDRAWAL,REF-WI-373663
747,1700001985,ACC-10143,291.8,USD,TRANSFER,REF-TR-185595
748,1700001989,ACC-10040,327.43,USD,TRANSFER,REF-TR-377532
749,1700001994,ACC-10004,209.06,USD,WITHDRAWAL,REF-WI-145456
750,1700001998,ACC-10000,351.85,EUR,DEPOSIT,REF-DE-175648
751,1700001998,ACC-10211,475.96,USD,WITHDRAWAL,REF-WI-591307
752,1700001998,ACC-10118,319.59,VND,TRANSFER,REF-TR-105413
753,1700002003,ACC-10306,261.68,VND,DEPOSIT,REF-DE-880791
754,1700002006,ACC-10000,632.64,USD,TRANSFER,REF-TR-120424
755,1700002008,ACC-10016,1650.98,USD,WITHDRAWAL,REF-WI-471093
756,1700002013,ACC-10104,179.18,VND,WITHDRAWAL,REF-WI-517686
757,1700002015,ACC-10004,481.46,USD,WITHDRAWAL,REF-WI-954088
758,1700002018,ACC-10000,1839.35,USD,WITHDRAWAL,REF-WI-871878
759,1700002018,ACC-10128,1.79,VND,FEE,REF-FE-703797
760,1700002022,ACC-10005,330.36,EUR,TRANSFER,REF-TR-510317
761,1700002022,ACC-10022,247.84,VND,WITHDRAWAL,REF-WI-992683
762,1700002025,ACC-10000,558.96,VND,DEPOSIT,REF-DE-918628
763,1700002028,ACC-10047,76.82,VND,WITHDRAWAL,REF-WI-812980
764,1700002028,ACC-10002,122.17,EUR,DEPOSIT,REF-DE-585914
765,1700002032,ACC-10115,163.51,USD,TRANSFER,REF-TR-384617
766,1700002037,ACC-10025,251.22,EUR,TRANSFER,REF-TR-488765
767,1700002038,ACC-10000,56.3,VND,WITHDRAWAL,REF-WI-954669
768,1700002039,ACC-10023,173.62,EUR,TRANSFER,REF-TR-350792
769,1700002043,ACC-10091,305.1,USD,TRANSFER,REF-TR-442092
770,1700002048,ACC-10000,5.32,USD,FEE,REF-FE-854828
771,1700002048,ACC-10211,298.26,USD,WITHDRAWAL,REF-WI-400199
772,1700002053,ACC-10027,4463.89,USD,WITHDRAWAL,REF-WI-180303
773,1700002053,ACC-10019,43.46,USD,TRANSFER,REF-TR-372332
774,1700002053,ACC-10003,359.8,VND,DEPOSIT,REF-DE-781943
775,1700002057,ACC-10001,88.88,VND,WITHDRAWAL,REF-WI-552287
776,1700002057,ACC-10381,479.23,USD,WITHDRAWAL,REF-WI-679545
777,1700002060,ACC-10003,3227.51,USD,DEPOSIT,REF-DE-303792
778,1700002064,ACC-10032,3811.89,USD,WITHDRAWAL,REF-WI-515927
779,1700002067,ACC-10495,3.32,VND,FEE,REF-FE-558774
780,1700002072,ACC-10001,461.69,USD,WITHDRAWAL,REF-WI-574625
781,1700002072,ACC-10011,945.83,EUR,WITHDRAWAL,REF-WI-794660
782,1700002075,ACC-10019,527.02,VND,TRANSFER,REF-TR-208702
783,1700002078,ACC-10004,3.17,USD,FEE,REF-FE-238444
784,1700002079,ACC-10002,891.56,VND,TRANSFER,REF-TR-845928
785,1700002081,ACC-10065,451.5,USD,WITHDRAWAL,REF-WI-690710
786,1700002086,ACC-10150,561.21,EUR,DEPOSIT,REF-DE-702797
787,1700002087,ACC-10034,108.05,EUR,DEPOSIT,REF-DE-577113
788,1700002088,ACC-10000,326.07,VND,DEPOSIT,REF-DE-102659
789,1700002092,ACC-10021,91.33,USD,DEPOSIT,REF-DE-761414
790,1700002096,ACC-10017,188.14,VND,TRANSFER,REF-TR-880938
791,1700002101,ACC-10024,396.98,VND,WITHDRAWAL,REF-WI-704778
792,1700002101,ACC-10017,82.56,EUR,WITHDRAWAL,REF-WI-420868
793,1700002101,ACC-10000,68.11,USD,DEPOSIT,REF-DE-566676
794,1700002104,ACC-10001,3.33,VND,FEE,REF-FE-719022
795,1700002107,ACC-10000,935.49,USD,WITHDRAWAL,REF-WI-377670
796,1700002110,ACC-10013,57.42,VND,WITHDRAWAL,REF-WI-531613
797,1700002114,ACC-10000,258.51,USD,TRANSFER,REF-TR-653427
798,1700002118,ACC-10017,3.44,USD,FEE,REF-FE-144145
799,1700002122,ACC-10037,465.1,USD,WITHDRAWAL,REF-WI-801530
800,1700002127,ACC-10018,189.59,VND,TRANSFER,REF-TR-792653
801,1700002132,ACC-10045,1000.54,VND,TRANSFER,REF-TR-729935
802,1700002137,ACC-10004,4.96,VND,FEE,REF-FE-108091
803,1700002142,ACC-10000,213.4,USD,WITHDRAWAL,REF-WI-492026
804,1700002144,ACC-10031,263.27,USD,WITHDRAWAL,REF-WI-535357
805,1700002146,ACC-10151,5762.64,VND,TRANSFER,REF-TR-738719
806,1700002147,ACC-10001,599.85,USD,TRANSFER,REF-TR-514019
807,1700002151,ACC-10008,1609.07,USD,TRANSFER,REF-TR-620926
808,1700002155,ACC-10426,131.35,EUR,WITHDRAWAL,REF-WI-330977
809,1700002157,ACC-10000,6.17,USD,FEE,REF-FE-472031
810,1700002157,ACC-10489,553.57,USD,TRANSFER,REF-TR-278786
811,1700002158,ACC-10001,898.03,VND,TRANSFER,REF-TR-694565
812,1700002161,ACC-10000,4.26,VND,FEE,REF-FE-459171
813,1700002166,ACC-10008,3131.91,EUR,TRANSFER,REF-TR-508762
814,1700002170,ACC-10136,743.77,VND,TRANSFER,REF-TR-195907
815,1700002175,ACC-10019,301.31,USD,DEPOSIT,REF-DE-383699
816,1700002179,ACC-10002,119.8,EUR,TRANSFER,REF-TR-970949
817,1700002180,ACC-10001,387.93,USD,TRANSFER,REF-TR-197454
818,1700002181,ACC-10000,393.6,USD,WITHDRAWAL,REF-WI-968697
819,1700002184,ACC-10046,256.95,USD,TRANSFER,REF-TR-457446
820,1700002188,ACC-10001,990.67,USD,TRANSFER,REF-TR-763976
821,1700002189,ACC-10005,209.61,USD,TRANSFER,REF-TR-272564
822,1700002190,ACC-10174,245.93,EUR,DEPOSIT,REF-DE-114904
823,1700002190,ACC-10000,95.65,USD,DEPOSIT,REF-DE-187003
824,1700002191,ACC-10005,1.92,USD,FEE,REF-FE-466019
825,1700002193,ACC-10233,176.53,VND,DEPOSIT,REF-DE-648621
826,1700002197,ACC-10061,298.4,VND,TRANSFER,REF-TR-827177
827,1700002202,ACC-10009,82.1,USD,TRANSFER,REF-TR-719552
828,1700002207,ACC-10042,41.14,VND,DEPOSIT,REF-DE-525358
829,1700002210,ACC-10000,728.36,EUR,WITHDRAWAL,REF-WI-963324
830,1700002214,ACC-10004,2477.15,USD,TRANSFER,REF-TR-825600
831,1700002218,ACC-10000,3.58,USD,FEE,REF-FE-367730
832,1700002218,ACC-10000,117.59,USD,TRANSFER,REF-TR-419992
833,1700002221,ACC-10046,89.99,USD,WITHDRAWAL,REF-WI-827243
834,1700002226,ACC-10026,34.91,USD,WITHDRAWAL,REF-WI-727926
835,1700002231,ACC-10055,3683.92,EUR,TRANSFER,REF-TR-672739
836,1700002235,ACC-10000,971.41,USD,TRANSFER,REF-TR-550329
837,1700002235,ACC-10002,179.75,USD,WITHDRAWAL,REF-WI-870682
838,1700002240,ACC-10002,285.17,VND,TRANSFER,REF-TR-535554
839,1700002240,ACC-10022,584.34,USD,DEPOSIT,REF-DE-823550
840,1700002241,ACC-10247,619.12,USD,TRANSFER,REF-TR-600273
841,1700002246,ACC-10042,376.3,VND,TRANSFER,REF-TR-333777
842,1700002250,ACC-10006,112.73,USD,TRANSFER,REF-TR-600855
843,1700002251,ACC-10024,157.95,USD,TRANSFER,REF-TR-992675
844,1700002251,ACC-10003,1537.85,VND,TRANSFER,REF-TR-309816
845,1700002252,ACC-10000,211.34,VND,TRANSFER,REF-TR-158715
846,1700002256,ACC-10389,50.38,USD,WITHDRAWAL,REF-WI-324301
847,1700002258,ACC-10006,108.91,USD,WITHDRAWAL,REF-WI-618423
848,1700002260,ACC-10002,204.93,USD,WITHDRAWAL,REF-WI-933375
849,1700002265,ACC-10037,396.48,USD,WITHDRAWAL,REF-WI-795738
850,1700002265,ACC-10000,240.26,USD,WITHDRAWAL,REF-WI-264546
851,1700002269,ACC-10001,315.12,EUR,DEPOSIT,REF-DE-481563
852,1700002271,ACC-10001,2.02,VND,FEE,REF-FE-112265
853,1700002272,ACC-10184,749.66,USD,WITHDRAWAL,REF-WI-247571
854,1700002277,ACC-10000,136.71,USD,WITHDRAWAL,REF-WI-524285
855,1700002281,ACC-10223,370.97,USD,WITHDRAWAL,REF-WI-805465
856,1700002286,ACC-10061,2.72,VND,FEE,REF-FE-715596
857,1700002291,ACC-10025,53.71,VND,TRANSFER,REF-TR-952463
858,1700002292,ACC-10000,85.84,USD,TRANSFER,REF-TR-726213
859,1700002296,ACC-10010,827.77,VND,TRANSFER,REF-TR-198974
860,1700002301,ACC-10007,174.05,USD,TRANSFER,REF-TR-973645
861,1700002304,ACC-10003,2158.65,USD,TRANSFER,REF-TR-708847
862,1700002304,ACC-10012,247.9,EUR,DEPOSIT,REF-DE-474490
863,1700002304,ACC-10000,248.06,VND,WITHDRAWAL,REF-WI-253274
864,1700002304,ACC-10033,9.08,VND,FEE,REF-FE-844628
865,1700002309,ACC-10270,393.54,USD,WITHDRAWAL,REF-WI-286866
866,1700002312,ACC-10069,300.36,USD,TRANSFER,REF-TR-454811
867,1700002314,ACC-10000,3216.47,EUR,TRANSFER,REF-TR-515348
868,1700002317,ACC-10071,180.86,VND,TRANSFER,REF-TR-440899
869,1700002318,ACC-10448,118.44,VND,TRANSFER,REF-TR-877407
870,1700002319,ACC-10328,585.36,USD,WITHDRAWAL,REF-WI-907619
871,1700002319,ACC-10108,216.15,USD,WITHDRAWAL,REF-WI-106698
872,1700002319,ACC-10078,167.15,USD,TRANSFER,REF-TR-929147
873,1700002320,ACC-10156,194.52,USD,DEPOSIT,REF-DE-704405
874,1700002321,ACC-10398,133.72,VND,DEPOSIT,REF-DE-448891
875,1700002326,ACC-10000,157.92,USD,WITHDRAWAL,REF-WI-678412
876,1700002331,ACC-10062,533.19,USD,TRANSFER,REF-TR-990664
877,1700002336,ACC-10005,1067.85,USD,TRANSFER,REF-TR-139880
878,1700002340,ACC-10005,390.14,USD,TRANSFER,REF-TR-719268
879,1700002341,ACC-10038,95.21,VND,WITHDRAWAL,REF-WI-605721
880,1700002343,ACC-10028,671.23,USD,DEPOSIT,REF-DE-331712
881,1700002344,ACC-10015,73.84,USD,WITHDRAWAL,REF-WI-717283
882,1700002348,ACC-10021,219.52,USD,DEPOSIT,REF-DE-979049
883,1700002350,ACC-10075,964.58,USD,TRANSFER,REF-TR-757371
884,1700002351,ACC-10031,1734.68,USD,WITHDRAWAL,REF-WI-137079
885,1700002356,ACC-10000,344.62,USD,WITHDRAWAL,REF-WI-237661
886,1700002358,ACC-10070,97.52,USD,WITHDRAWAL,REF-WI-792073
887,1700002363,ACC-10002,219.49,VND,DEPOSIT,REF-DE-955561
888,1700002365,ACC-10001,588.36,USD,DEPOSIT,REF-DE-204340
889,1700002366,ACC-10001,3.81,USD,FEE,REF-FE-883238
890,1700002369,ACC-10005,430.84,USD,TRANSFER,REF-TR-752388
891,1700002371,ACC-10000,410.28,VND,WITHDRAWAL,REF-WI-426465
892,1700002375,ACC-10010,625.45,USD,WITHDRAWAL,REF-WI-967796
893,1700002377,ACC-10001,1.8,USD,FEE,REF-FE-612047
894,1700002378,ACC-10142,1274.26,USD,WITHDRAWAL,REF-WI-819050
895,1700002379,ACC-10013,275.63,USD,TRANSFER,REF-TR-780367
896,1700002382,ACC-10006,2.3,USD,FEE,REF-FE-493449
897,1700002386,ACC-10161,47.42,EUR,TRANSFER,REF-TR-338053
898,1700002387,ACC-10360,645.62,USD,TRANSFER,REF-TR-150364
899,1700002389,ACC-10021,624.22,USD,TRANSFER,REF-TR-283997
900,1700002389,ACC-10001,9515.65,USD,TRANSFER,REF-TR-690989
901,1700002394,ACC-10001,414.3,USD,TRANSFER,REF-TR-108942
902,1700002397,ACC-10147,506.03,USD,TRANSFER,REF-TR-477658
903,1700002398,ACC-10006,311.97,VND,WITHDRAWAL,REF-WI-844144
904,1700002401,ACC-10495,3855.93,USD,TRANSFER,REF-TR-920747
905,1700002402,ACC-10087,150.37,USD,DEPOSIT,REF-DE-852717
906,1700002406,ACC-10000,2353.96,VND,DEPOSIT,REF-DE-815809
907,1700002406,ACC-10040,161.27,VND,WITHDRAWAL,REF-WI-114685
908,1700002408,ACC-10023,48.75,VND,DEPOSIT,REF-DE-581128
909,1700002411,ACC-10016,2158.85,VND,TRANSFER,REF-TR-277873
910,1700002411,ACC-10400,354.49,VND,WITHDRAWAL,REF-WI-891283
911,1700002413,ACC-10002,129.08,USD,WITHDRAWAL,REF-WI-304601
912,1700002414,ACC-10160,149.05,USD,TRANSFER,REF-TR-113465
913,1700002417,ACC-10002,971.86,VND,WITHDRAWAL,REF-WI-137647
914,1700002422,ACC-10002,525.19,USD,WITHDRAWAL,REF-WI-648702
915,1700002425,ACC-10000,309.85,USD,TRANSFER,REF-TR-533924
916,1700002428,ACC-10187,706.84,USD,TRANSFER,REF-TR-140420
917,1700002433,ACC-10094,162.3,EUR,TRANSFER,REF-TR-590518
918,1700002437,ACC-10003,372.72,VND,TRANSFER,REF-TR-982841
919,1700002442,ACC-10004,697.88,USD,TRANSFER,REF-TR-251657
920,1700002444,ACC-10003,166.99,EUR,DEPOSIT,REF-DE-292917
921,1700002444,ACC-10000,522.6,USD,TRANSFER,REF-TR-671052
922,1700002448,ACC-10002,264.29,VND,TRANSFER,REF-TR-542429
923,1700002453,ACC-10010,337.06,USD,TRANSFER,REF-TR-863018
924,1700002454,ACC-10244,1526.17,USD,TRANSFER,REF-TR-526829
925,1700002456,ACC-10359,434.22,EUR,DEPOSIT,REF-DE-199000
926,1700002459,ACC-10001,1323.45,USD,WITHDRAWAL,REF-WI-705840
927,1700002464,ACC-10160,269.68,EUR,WITHDRAWAL,REF-WI-569337
928,1700002465,ACC-10001,162.87,USD,WITHDRAWAL,REF-WI-344277
929,1700002468,ACC-10028,596.98,USD,TRANSFER,REF-TR-931275
930,1700002470,ACC-10112,168.01,VND,TRANSFER,REF-TR-349748
931,1700002472,ACC-10006,142.35,VND,TRANSFER,REF-TR-560390
932,1700002474,ACC-10056,473.06,VND,TRANSFER,REF-TR-468554
933,1700002477,ACC-10002,261.83,EUR,WITHDRAWAL,REF-WI-105181
934,1700002479,ACC-10000,40.38,USD,TRANSFER,REF-TR-882813
935,1700002481,ACC-10053,331.72,USD,TRANSFER,REF-TR-867188
936,1700002484,ACC-10036,3.47,VND,FEE,REF-FE-151397
937,1700002485,ACC-10000,309.71,USD,WITHDRAWAL,REF-WI-278549
938,1700002487,ACC-10007,275.3,USD,TRANSFER,REF-TR-573978
939,1700002489,ACC-10001,211.39,USD,DEPOSIT,REF-DE-655321
940,1700002493,ACC-10054,583.04,USD,TRANSFER,REF-TR-636074
941,1700002497,ACC-10014,3.57,VND,FEE,REF-FE-927817
942,1700002498,ACC-10056,256.83,USD,WITHDRAWAL,REF-WI-517390
943,1700002501,ACC-10050,706.51,USD,TRANSFER,REF-TR-316933
944,1700002506,ACC-10123,166.45,USD,TRANSFER,REF-TR-288672
945,1700002509,ACC-10005,513.91,USD,TRANSFER,REF-TR-163285
946,1700002511,ACC-10000,311.69,USD,WITHDRAWAL,REF-WI-941465
947,1700002513,ACC-10160,826.81,USD,DEPOSIT,REF-DE-869640
948,1700002514,ACC-10002,133.48,USD,TRANSFER,REF-TR-751850
949,1700002519,ACC-10009,411.61,USD,TRANSFER,REF-TR-223952
950,1700002524,ACC-10049,479.95,USD,WITHDRAWAL,REF-WI-933461
951,1700002525,ACC-10099,2872.05,EUR,TRANSFER,REF-TR-944519
952,1700002528,ACC-10001,62.98,VND,WITHDRAWAL,REF-WI-272333
953,1700002531,ACC-10004,246.81,USD,DEPOSIT,REF-DE-806571
954,1700002533,ACC-10000,101.86,USD,WITHDRAWAL,REF-WI-522978
955,1700002533,ACC-10442,234.29,USD,TRANSFER,REF-TR-169833
956,1700002533,ACC-10000,1159.91,EUR,TRANSFER,REF-TR-735991
957,1700002537,ACC-10007,1573.7,USD,TRANSFER,REF-TR-565001
958,1700002540,ACC-10032,97.45,USD,WITHDRAWAL,REF-WI-513309
959,1700002543,ACC-10003,486.51,USD,DEPOSIT,REF-DE-634587
960,1700002545,ACC-10004,277.99,USD,DEPOSIT,REF-DE-396390
961,1700002545,ACC-10003,175.57,EUR,WITHDRAWAL,REF-WI-554970
962,1700002548,ACC-10019,349.02,VND,TRANSFER,REF-TR-206324
963,1700002548,ACC-10276,414.91,EUR,TRANSFER,REF-TR-796696
964,1700002551,ACC-10169,82.36,EUR,TRANSFER,REF-TR-350186
965,1700002556,ACC-10003,272.87,USD,WITHDRAWAL,REF-WI-215840
966,1700002560,ACC-10002,850.55,EUR,DEPOSIT,REF-DE-501235
967,1700002563,ACC-10007,756.01,USD,DEPOSIT,REF-DE-194387
968,1700002563,ACC-10035,110.75,USD,DEPOSIT,REF-DE-613136
969,1700002565,ACC-10149,851.22,VND,WITHDRAWAL,REF-WI-670156
970,1700002570,ACC-10000,23.82,USD,WITHDRAWAL,REF-WI-239618
971,1700002574,ACC-10002,368.02,USD,DEPOSIT,REF-DE-207086
972,1700002576,ACC-10027,1582.44,VND,DEPOSIT,REF-DE-602910
973,1700002579,ACC-10000,180.39,VND,TRANSFER,REF-TR-727077
974,1700002581,ACC-10006,308.5,USD,WITHDRAWAL,REF-WI-848279
975,1700002583,ACC-10101,289.07,EUR,DEPOSIT,REF-DE-378043
976,1700002583,ACC-10116,159.72,USD,WITHDRAWAL,REF-WI-821426
977,1700002585,ACC-10002,211.58,USD,WITHDRAWAL,REF-WI-748285
978,1700002586,ACC-10002,359.55,USD,DEPOSIT,REF-DE-835515
979,1700002587,ACC-10000,470.83,USD,TRANSFER,REF-TR-888996
980,1700002589,ACC-10084,4.82,USD,FEE,REF-FE-950445
981,1700002593,ACC-10000,827.42,VND,TRANSFER,REF-TR-119835
982,1700002594,ACC-10000,1010.86,USD,WITHDRAWAL,REF-WI-785523
983,1700002596,ACC-10012,383.41,EUR,DEPOSIT,REF-DE-952673
999999,1700002596,ACC-ATTACK,7777.77,USD,TRANSFER,REF-ATTACK-INSERT
984,1700002596,ACC-10012,380.67,USD,TRANSFER,REF-TR-291304
985,1700002601,ACC-10053,354.47,VND,WITHDRAWAL,REF-WI-584876
986,1700002606,ACC-10186,591.67,VND,TRANSFER,REF-TR-122564
987,1700002608,ACC-10000,245.73,USD,TRANSFER,REF-TR-934117
988,1700002613,ACC-10003,127.94,USD,TRANSFER,REF-TR-337200
989,1700002613,ACC-10190,169.19,VND,WITHDRAWAL,REF-WI-941265
990,1700002617,ACC-10180,113.36,VND,WITHDRAWAL,REF-WI-472955
991,1700002621,ACC-10000,1387.96,VND,DEPOSIT,REF-DE-227878
992,1700002624,ACC-10494,163.76,VND,WITHDRAWAL,REF-WI-353793
993,1700002627,ACC-10003,132.59,VND,TRANSFER,REF-TR-872807
994,1700002629,ACC-10214,172.35,USD,DEPOSIT,REF-DE-346204
995,1700002632,ACC-10026,192.16,USD,WITHDRAWAL,REF-WI-948462
996,1700002632,ACC-10001,42.56,VND,DEPOSIT,REF-DE-356118
997,1700002633,ACC-10002,298.13,EUR,DEPOSIT,REF-DE-313922
998,1700002638,ACC-10000,3.12,USD,FEE,REF-FE-763373
999,1700002641,ACC-10000,3.2,VND,FEE,REF-FE-351255
1000,1700002646,ACC-10024,89.64,USD,DEPOSIT,REF-DE-636487
